text_a,text_b,label,tokens,pred
"Pelayanannya memuaskan, dan sangat ramah, kamarnya juga brsih dan rapi, snack airynya ada. Tetapi utk wifinya ckup lemot. Trimakasih ",kebersihan,1,"['▁pelayanan', 'nya', '▁memuaskan', ',', '▁dan', '▁sangat', '▁ramah', ',', '▁kamar', 'nya', '▁juga', '▁br', 'sih', '▁dan', '▁rapi', ',', '▁snack', '▁air', 'y', 'nya', '▁ada', '.', '▁tetapi', '▁utk', '▁wifi', 'nya', '▁ckup', '▁lemot', '.', '▁trima', 'kasih', '<sep>', '▁kebersihan', '<sep>', '<cls>', 0.0, 0.0, 0.0, 0.0, 0.0, 0.0, 0.0, 0.0, 0.0, 0.0, 0.0, 0.0, 0.0, 0.0, 0.0, 0.0, 0.0, 0.0, 0.0, 0.0, 0.0, 0.0, 0.0, 0.0, 0.0, 0.0, 0.0, 0.0, 0.0, 0.0, 0.0, 0.0, 0.0, 0.0, 0.0, 0.0, 0.0, 0.0, 0.0, 0.0, 0.0, 0.0, 0.0, 0.0, 0.0, 0.0, 0.0, 0.0, 0.0, 0.0, 0.0, 0.0, 0.0, 0.0, 0.0, 0.0, 0.0, 0.0, 0.0, 0.0, 0.0, 0.0, 0.0, 0.0, 0.0, 0.0, 0.0, 0.0, 0.0, 0.0, 0.0, 0.0, 0.0, 0.0, 0.0, 0.0, 0.0, 0.0, 0.0, 0.0, 0.0, 0.0, 0.0, 0.0, 0.0, 0.0, 0.0, 0.0, 0.0, 0.0, 0.0, 0.0, 0.0]",0
"plank airyrooms tidak tersedia dan kebersihan kamar kurang di perhatikan. menu makanan enak dan akses kemana-mana tidak susah, sekian dan terimakasih. ",linen_P1,0,"['▁plan', 'k', '▁air', 'y', 'room', 's', '▁tidak', '▁tersedia', '▁dan', '▁kebersihan', '▁kamar', '▁kurang', '▁di', '▁perhatikan', '.', '▁menu', '▁makanan', '▁enak', '▁dan', '▁akses', '▁kemana', '-', 'mana', '▁tidak', '▁susah', ',', '▁sekian', '▁dan', '▁terimakasih', '.', '<sep>', '▁line', 'n', '_', 'p', '1', '<sep>', '<cls>', 0.0, 0.0, 0.0, 0.0, 0.0, 0.0, 0.0, 0.0, 0.0, 0.0, 0.0, 0.0, 0.0, 0.0, 0.0, 0.0, 0.0, 0.0, 0.0, 0.0, 0.0, 0.0, 0.0, 0.0, 0.0, 0.0, 0.0, 0.0, 0.0, 0.0, 0.0, 0.0, 0.0, 0.0, 0.0, 0.0, 0.0, 0.0, 0.0, 0.0, 0.0, 0.0, 0.0, 0.0, 0.0, 0.0, 0.0, 0.0, 0.0, 0.0, 0.0, 0.0, 0.0, 0.0, 0.0, 0.0, 0.0, 0.0, 0.0, 0.0, 0.0, 0.0, 0.0, 0.0, 0.0, 0.0, 0.0, 0.0, 0.0, 0.0, 0.0, 0.0, 0.0, 0.0, 0.0, 0.0, 0.0, 0.0, 0.0, 0.0, 0.0, 0.0, 0.0, 0.0, 0.0, 0.0, 0.0, 0.0, 0.0, 0.0]",1
"Check in mudah , room bersih, dpt cemilan, hanya saja ketika check in tidak ada yg mengantar ke room.. repcetionist hanya memberi no kamar, kunci...",linen_P1,1,"['▁check', '▁in', '▁mudah', '▁,', '▁room', '▁bersih', ',', '▁dpt', '▁cemilan', ',', '▁hanya', '▁saja', '▁ketika', '▁check', '▁in', '▁tidak', '▁ada', '▁yg', '▁mengantar', '▁ke', '▁room', '.', '.', '▁rep', 'ce', 'tion', 'ist', '▁hanya', '▁memberi', '▁no', '▁kamar', ',', '▁kunci', '.', '.', '.', '<sep>', '▁line', 'n', '_', 'p', '1', '<sep>', '<cls>', 0.0, 0.0, 0.0, 0.0, 0.0, 0.0, 0.0, 0.0, 0.0, 0.0, 0.0, 0.0, 0.0, 0.0, 0.0, 0.0, 0.0, 0.0, 0.0, 0.0, 0.0, 0.0, 0.0, 0.0, 0.0, 0.0, 0.0, 0.0, 0.0, 0.0, 0.0, 0.0, 0.0, 0.0, 0.0, 0.0, 0.0, 0.0, 0.0, 0.0, 0.0, 0.0, 0.0, 0.0, 0.0, 0.0, 0.0, 0.0, 0.0, 0.0, 0.0, 0.0, 0.0, 0.0, 0.0, 0.0, 0.0, 0.0, 0.0, 0.0, 0.0, 0.0, 0.0, 0.0, 0.0, 0.0, 0.0, 0.0, 0.0, 0.0, 0.0, 0.0, 0.0, 0.0, 0.0, 0.0, 0.0, 0.0, 0.0, 0.0, 0.0, 0.0, 0.0, 0.0]",0
"hotel bagus tapi kebersihan kurang,breakfast,kurang enak.juga tempat nya kurang bersih.kamar luas.pelayanan Ok.terima kasih airy untuk Snack dan disounnya.",sunrise_meal_P1,0,"['▁hotel', '▁bagus', '▁tapi', '▁kebersihan', '▁kurang', ',', 'break', 'fast', ',', 'kurang', '▁enak', '.', 'juga', '▁tempat', '▁', 'nya', '▁kurang', '▁bersih', '.', 'kamar', '▁luas', '.', 'pe', 'layan', 'an', '▁ok', '.', 'terima', '▁kasih', '▁air', 'y', '▁untuk', '▁snack', '▁dan', '▁di', 'so', 'un', 'nya', '.', '<sep>', '▁sunrise', '_', 'me', 'al', '_', 'p', '1', '<sep>', '<cls>', 0.0, 0.0, 0.0, 0.0, 0.0, 0.0, 0.0, 0.0, 0.0, 0.0, 0.0, 0.0, 0.0, 0.0, 0.0, 0.0, 0.0, 0.0, 0.0, 0.0, 0.0, 0.0, 0.0, 0.0, 0.0, 0.0, 0.0, 0.0, 0.0, 0.0, 0.0, 0.0, 0.0, 0.0, 0.0, 0.0, 0.0, 0.0, 0.0, 0.0, 0.0, 0.0, 0.0, 0.0, 0.0, 0.0, 0.0, 0.0, 0.0, 0.0, 0.0, 0.0, 0.0, 0.0, 0.0, 0.0, 0.0, 0.0, 0.0, 0.0, 0.0, 0.0, 0.0, 0.0, 0.0, 0.0, 0.0, 0.0, 0.0, 0.0, 0.0, 0.0, 0.0, 0.0, 0.0, 0.0, 0.0, 0.0, 0.0]",1
"hotel bagus tapi kebersihan kurang,breakfast,kurang enak.juga tempat nya kurang bersih.kamar luas.pelayanan Ok.terima kasih airy untuk Snack dan disounnya.",linen_P1,1,"['▁hotel', '▁bagus', '▁tapi', '▁kebersihan', '▁kurang', ',', 'break', 'fast', ',', 'kurang', '▁enak', '.', 'juga', '▁tempat', '▁', 'nya', '▁kurang', '▁bersih', '.', 'kamar', '▁luas', '.', 'pe', 'layan', 'an', '▁ok', '.', 'terima', '▁kasih', '▁air', 'y', '▁untuk', '▁snack', '▁dan', '▁di', 'so', 'un', 'nya', '.', '<sep>', '▁line', 'n', '_', 'p', '1', '<sep>', '<cls>', 0.0, 0.0, 0.0, 0.0, 0.0, 0.0, 0.0, 0.0, 0.0, 0.0, 0.0, 0.0, 0.0, 0.0, 0.0, 0.0, 0.0, 0.0, 0.0, 0.0, 0.0, 0.0, 0.0, 0.0, 0.0, 0.0, 0.0, 0.0, 0.0, 0.0, 0.0, 0.0, 0.0, 0.0, 0.0, 0.0, 0.0, 0.0, 0.0, 0.0, 0.0, 0.0, 0.0, 0.0, 0.0, 0.0, 0.0, 0.0, 0.0, 0.0, 0.0, 0.0, 0.0, 0.0, 0.0, 0.0, 0.0, 0.0, 0.0, 0.0, 0.0, 0.0, 0.0, 0.0, 0.0, 0.0, 0.0, 0.0, 0.0, 0.0, 0.0, 0.0, 0.0, 0.0, 0.0, 0.0, 0.0, 0.0, 0.0, 0.0, 0.0]",0
bersih kamarnya yg diperbaiki untuk tvnya sama parkirnya,kebersihan,1,"['▁bersih', '▁kamar', 'nya', '▁yg', '▁diperbaiki', '▁untuk', '▁tv', 'nya', '▁sama', '▁parkir', 'nya', '<sep>', '▁kebersihan', '<sep>', '<cls>', 0.0, 0.0, 0.0, 0.0, 0.0, 0.0, 0.0, 0.0, 0.0, 0.0, 0.0, 0.0, 0.0, 0.0, 0.0, 0.0, 0.0, 0.0, 0.0, 0.0, 0.0, 0.0, 0.0, 0.0, 0.0, 0.0, 0.0, 0.0, 0.0, 0.0, 0.0, 0.0, 0.0, 0.0, 0.0, 0.0, 0.0, 0.0, 0.0, 0.0, 0.0, 0.0, 0.0, 0.0, 0.0, 0.0, 0.0, 0.0, 0.0, 0.0, 0.0, 0.0, 0.0, 0.0, 0.0, 0.0, 0.0, 0.0, 0.0, 0.0, 0.0, 0.0, 0.0, 0.0, 0.0, 0.0, 0.0, 0.0, 0.0, 0.0, 0.0, 0.0, 0.0, 0.0, 0.0, 0.0, 0.0, 0.0, 0.0, 0.0, 0.0, 0.0, 0.0, 0.0, 0.0, 0.0, 0.0, 0.0, 0.0, 0.0, 0.0, 0.0, 0.0, 0.0, 0.0, 0.0, 0.0, 0.0, 0.0, 0.0, 0.0, 0.0, 0.0, 0.0, 0.0, 0.0, 0.0, 0.0, 0.0, 0.0, 0.0, 0.0, 0.0]",0
"kamar bersih, cuma kurang wangi, dapat cemilan dr Airy. ",linen_P1,1,"['▁kamar', '▁bersih', ',', '▁cuma', '▁kurang', '▁wangi', ',', '▁dapat', '▁cemilan', '▁dr', '▁air', 'y', '.', '<sep>', '▁line', 'n', '_', 'p', '1', '<sep>', '<cls>', 0.0, 0.0, 0.0, 0.0, 0.0, 0.0, 0.0, 0.0, 0.0, 0.0, 0.0, 0.0, 0.0, 0.0, 0.0, 0.0, 0.0, 0.0, 0.0, 0.0, 0.0, 0.0, 0.0, 0.0, 0.0, 0.0, 0.0, 0.0, 0.0, 0.0, 0.0, 0.0, 0.0, 0.0, 0.0, 0.0, 0.0, 0.0, 0.0, 0.0, 0.0, 0.0, 0.0, 0.0, 0.0, 0.0, 0.0, 0.0, 0.0, 0.0, 0.0, 0.0, 0.0, 0.0, 0.0, 0.0, 0.0, 0.0, 0.0, 0.0, 0.0, 0.0, 0.0, 0.0, 0.0, 0.0, 0.0, 0.0, 0.0, 0.0, 0.0, 0.0, 0.0, 0.0, 0.0, 0.0, 0.0, 0.0, 0.0, 0.0, 0.0, 0.0, 0.0, 0.0, 0.0, 0.0, 0.0, 0.0, 0.0, 0.0, 0.0, 0.0, 0.0, 0.0, 0.0, 0.0, 0.0, 0.0, 0.0, 0.0, 0.0, 0.0, 0.0, 0.0, 0.0, 0.0, 0.0]",0
"baik, bersih, tp dikmr mandi hrus lebih bersih lg krna kadang gatal ",kebersihan,0,"['▁baik', ',', '▁bersih', ',', '▁tp', '▁di', 'km', 'r', '▁mandi', '▁hrus', '▁lebih', '▁bersih', '▁lg', '▁krna', '▁kadang', '▁gatal', '<sep>', '▁kebersihan', '<sep>', '<cls>', 0.0, 0.0, 0.0, 0.0, 0.0, 0.0, 0.0, 0.0, 0.0, 0.0, 0.0, 0.0, 0.0, 0.0, 0.0, 0.0, 0.0, 0.0, 0.0, 0.0, 0.0, 0.0, 0.0, 0.0, 0.0, 0.0, 0.0, 0.0, 0.0, 0.0, 0.0, 0.0, 0.0, 0.0, 0.0, 0.0, 0.0, 0.0, 0.0, 0.0, 0.0, 0.0, 0.0, 0.0, 0.0, 0.0, 0.0, 0.0, 0.0, 0.0, 0.0, 0.0, 0.0, 0.0, 0.0, 0.0, 0.0, 0.0, 0.0, 0.0, 0.0, 0.0, 0.0, 0.0, 0.0, 0.0, 0.0, 0.0, 0.0, 0.0, 0.0, 0.0, 0.0, 0.0, 0.0, 0.0, 0.0, 0.0, 0.0, 0.0, 0.0, 0.0, 0.0, 0.0, 0.0, 0.0, 0.0, 0.0, 0.0, 0.0, 0.0, 0.0, 0.0, 0.0, 0.0, 0.0, 0.0, 0.0, 0.0, 0.0, 0.0, 0.0, 0.0, 0.0, 0.0, 0.0, 0.0, 0.0]",1
"(-) pintu toilet rusak, ada asbak dan bau asap rokok, wifi tdk berfungsi (+) dekat dengan mall, mudah cari makan di sekitar, bersih, ac berfungsi, water heater berfungsi, over all score 7",air_panas_P1,1,"['▁', '(', '-', ')', '▁pintu', '▁toilet', '▁rusak', ',', '▁ada', '▁as', 'bak', '▁dan', '▁bau', '▁asap', '▁rokok', ',', '▁wifi', '▁tdk', '▁berfungsi', '▁', '(', '+', ')', '▁dekat', '▁dengan', '▁mall', ',', '▁mudah', '▁cari', '▁makan', '▁di', '▁sekitar', ',', '▁bersih', ',', '▁ac', '▁berfungsi', ',', '▁water', '▁', 'h', 'eater', '▁berfungsi', ',', '▁over', '▁all', '▁score', '▁7', '<sep>', '▁air', '_', 'panas', '_', 'p', '1', '<sep>', '<cls>', 0.0, 0.0, 0.0, 0.0, 0.0, 0.0, 0.0, 0.0, 0.0, 0.0, 0.0, 0.0, 0.0, 0.0, 0.0, 0.0, 0.0, 0.0, 0.0, 0.0, 0.0, 0.0, 0.0, 0.0, 0.0, 0.0, 0.0, 0.0, 0.0, 0.0, 0.0, 0.0, 0.0, 0.0, 0.0, 0.0, 0.0, 0.0, 0.0, 0.0, 0.0, 0.0, 0.0, 0.0, 0.0, 0.0, 0.0, 0.0, 0.0, 0.0, 0.0, 0.0, 0.0, 0.0, 0.0, 0.0, 0.0, 0.0, 0.0, 0.0, 0.0, 0.0, 0.0, 0.0, 0.0, 0.0, 0.0, 0.0, 0.0, 0.0, 0.0]",0
"kamar rapi & bersih, tapi tisu toilet lupa tidak disediakan spare, pelayanan front office ramah namun ketika pesan makanan untuk diantar ke kamar petugasnya judes",service,0,"['▁kamar', '▁rapi', '▁&', '▁bersih', ',', '▁tapi', '▁tisu', '▁toilet', '▁lupa', '▁tidak', '▁disediakan', '▁spare', ',', '▁pelayanan', '▁front', '▁office', '▁ramah', '▁namun', '▁ketika', '▁pesan', '▁makanan', '▁untuk', '▁dia', 'ntar', '▁ke', '▁kamar', '▁petugas', 'nya', '▁ju', 'des', '<sep>', '▁service', '<sep>', '<cls>', 0.0, 0.0, 0.0, 0.0, 0.0, 0.0, 0.0, 0.0, 0.0, 0.0, 0.0, 0.0, 0.0, 0.0, 0.0, 0.0, 0.0, 0.0, 0.0, 0.0, 0.0, 0.0, 0.0, 0.0, 0.0, 0.0, 0.0, 0.0, 0.0, 0.0, 0.0, 0.0, 0.0, 0.0, 0.0, 0.0, 0.0, 0.0, 0.0, 0.0, 0.0, 0.0, 0.0, 0.0, 0.0, 0.0, 0.0, 0.0, 0.0, 0.0, 0.0, 0.0, 0.0, 0.0, 0.0, 0.0, 0.0, 0.0, 0.0, 0.0, 0.0, 0.0, 0.0, 0.0, 0.0, 0.0, 0.0, 0.0, 0.0, 0.0, 0.0, 0.0, 0.0, 0.0, 0.0, 0.0, 0.0, 0.0, 0.0, 0.0, 0.0, 0.0, 0.0, 0.0, 0.0, 0.0, 0.0, 0.0, 0.0, 0.0, 0.0, 0.0, 0.0, 0.0]",1
"terima kasih airy dan rumah casa. Kamar diupgrade ke junior suite, bisa jadi langganan terus nih. Kamarnya bersih dan wangi, cma sayang kamar mandinya ndak dikasih kamper, jadi bau got. Air panasnya lanacar, tekanan air besar enak buat pijat badan. Breakfastnya cukup enak cma sayang kita masih nunggu buat dimasakin.",bau_P1,0,"['▁terima', '▁kasih', '▁air', 'y', '▁dan', '▁rumah', '▁cas', 'a', '.', '▁kamar', '▁di', 'up', 'grad', 'e', '▁ke', '▁junior', '▁', 'suit', 'e', ',', '▁bisa', '▁jadi', '▁langganan', '▁terus', '▁nih', '.', '▁kamar', 'nya', '▁bersih', '▁dan', '▁wangi', ',', '▁cm', 'a', '▁sayang', '▁kamar', '▁mandi', 'nya', '▁ndak', '▁dikasih', '▁kamp', 'er', ',', '▁jadi', '▁bau', '▁got', '.', '▁air', '▁panas', 'nya', '▁', 'lana', 'car', ',', '▁tekanan', '▁air', '▁besar', '▁enak', '▁buat', '▁pijat', '▁badan', '.', '▁breakfast', 'nya', '▁cukup', '▁enak', '▁cm', 'a', '▁sayang', '▁kita', '▁masih', '▁nunggu', '▁buat', '▁dimasak', 'in', '.', '<sep>', '▁bau', '_', 'p', '1', '<sep>', '<cls>', 0.0, 0.0, 0.0, 0.0, 0.0, 0.0, 0.0, 0.0, 0.0, 0.0, 0.0, 0.0, 0.0, 0.0, 0.0, 0.0, 0.0, 0.0, 0.0, 0.0, 0.0, 0.0, 0.0, 0.0, 0.0, 0.0, 0.0, 0.0, 0.0, 0.0, 0.0, 0.0, 0.0, 0.0, 0.0, 0.0, 0.0, 0.0, 0.0, 0.0, 0.0, 0.0, 0.0, 0.0, 0.0]",1
"terima kasih airy dan rumah casa. Kamar diupgrade ke junior suite, bisa jadi langganan terus nih. Kamarnya bersih dan wangi, cma sayang kamar mandinya ndak dikasih kamper, jadi bau got. Air panasnya lanacar, tekanan air besar enak buat pijat badan. Breakfastnya cukup enak cma sayang kita masih nunggu buat dimasakin.",air_panas_P1,1,"['▁terima', '▁kasih', '▁air', 'y', '▁dan', '▁rumah', '▁cas', 'a', '.', '▁kamar', '▁di', 'up', 'grad', 'e', '▁ke', '▁junior', '▁', 'suit', 'e', ',', '▁bisa', '▁jadi', '▁langganan', '▁terus', '▁nih', '.', '▁kamar', 'nya', '▁bersih', '▁dan', '▁wangi', ',', '▁cm', 'a', '▁sayang', '▁kamar', '▁mandi', 'nya', '▁ndak', '▁dikasih', '▁kamp', 'er', ',', '▁jadi', '▁bau', '▁got', '.', '▁air', '▁panas', 'nya', '▁', 'lana', 'car', ',', '▁tekanan', '▁air', '▁besar', '▁enak', '▁buat', '▁pijat', '▁badan', '.', '▁breakfast', 'nya', '▁cukup', '▁enak', '▁cm', 'a', '▁sayang', '▁kita', '▁masih', '▁nunggu', '▁buat', '▁dimasak', 'in', '.', '<sep>', '▁air', '_', 'panas', '_', 'p', '1', '<sep>', '<cls>', 0.0, 0.0, 0.0, 0.0, 0.0, 0.0, 0.0, 0.0, 0.0, 0.0, 0.0, 0.0, 0.0, 0.0, 0.0, 0.0, 0.0, 0.0, 0.0, 0.0, 0.0, 0.0, 0.0, 0.0, 0.0, 0.0, 0.0, 0.0, 0.0, 0.0, 0.0, 0.0, 0.0, 0.0, 0.0, 0.0, 0.0, 0.0, 0.0, 0.0, 0.0, 0.0, 0.0]",0
"terima kasih airy dan rumah casa. Kamar diupgrade ke junior suite, bisa jadi langganan terus nih. Kamarnya bersih dan wangi, cma sayang kamar mandinya ndak dikasih kamper, jadi bau got. Air panasnya lanacar, tekanan air besar enak buat pijat badan. Breakfastnya cukup enak cma sayang kita masih nunggu buat dimasakin.",service,0,"['▁terima', '▁kasih', '▁air', 'y', '▁dan', '▁rumah', '▁cas', 'a', '.', '▁kamar', '▁di', 'up', 'grad', 'e', '▁ke', '▁junior', '▁', 'suit', 'e', ',', '▁bisa', '▁jadi', '▁langganan', '▁terus', '▁nih', '.', '▁kamar', 'nya', '▁bersih', '▁dan', '▁wangi', ',', '▁cm', 'a', '▁sayang', '▁kamar', '▁mandi', 'nya', '▁ndak', '▁dikasih', '▁kamp', 'er', ',', '▁jadi', '▁bau', '▁got', '.', '▁air', '▁panas', 'nya', '▁', 'lana', 'car', ',', '▁tekanan', '▁air', '▁besar', '▁enak', '▁buat', '▁pijat', '▁badan', '.', '▁breakfast', 'nya', '▁cukup', '▁enak', '▁cm', 'a', '▁sayang', '▁kita', '▁masih', '▁nunggu', '▁buat', '▁dimasak', 'in', '.', '<sep>', '▁service', '<sep>', '<cls>', 0.0, 0.0, 0.0, 0.0, 0.0, 0.0, 0.0, 0.0, 0.0, 0.0, 0.0, 0.0, 0.0, 0.0, 0.0, 0.0, 0.0, 0.0, 0.0, 0.0, 0.0, 0.0, 0.0, 0.0, 0.0, 0.0, 0.0, 0.0, 0.0, 0.0, 0.0, 0.0, 0.0, 0.0, 0.0, 0.0, 0.0, 0.0, 0.0, 0.0, 0.0, 0.0, 0.0, 0.0, 0.0, 0.0, 0.0, 0.0]",1
"Ruangan luas, Kebersihan lumayan, Ac jos, pilihan channel tv dikit sih, akses ke kota juga lumayan... overall memuaskan koq... ",ac_P1,1,"['▁ruangan', '▁luas', ',', '▁kebersihan', '▁lumayan', ',', '▁ac', '▁jo', 's', ',', '▁pilihan', '▁channel', '▁tv', '▁dikit', '▁sih', ',', '▁akses', '▁ke', '▁kota', '▁juga', '▁lumayan', '.', '.', '.', '▁overall', '▁memuaskan', '▁koq', '.', '.', '.', '<sep>', '▁ac', '_', 'p', '1', '<sep>', '<cls>', 0.0, 0.0, 0.0, 0.0, 0.0, 0.0, 0.0, 0.0, 0.0, 0.0, 0.0, 0.0, 0.0, 0.0, 0.0, 0.0, 0.0, 0.0, 0.0, 0.0, 0.0, 0.0, 0.0, 0.0, 0.0, 0.0, 0.0, 0.0, 0.0, 0.0, 0.0, 0.0, 0.0, 0.0, 0.0, 0.0, 0.0, 0.0, 0.0, 0.0, 0.0, 0.0, 0.0, 0.0, 0.0, 0.0, 0.0, 0.0, 0.0, 0.0, 0.0, 0.0, 0.0, 0.0, 0.0, 0.0, 0.0, 0.0, 0.0, 0.0, 0.0, 0.0, 0.0, 0.0, 0.0, 0.0, 0.0, 0.0, 0.0, 0.0, 0.0, 0.0, 0.0, 0.0, 0.0, 0.0, 0.0, 0.0, 0.0, 0.0, 0.0, 0.0, 0.0, 0.0, 0.0, 0.0, 0.0, 0.0, 0.0, 0.0, 0.0]",0
"Ramah, bersih, AC nya HOT di kamar 207  sayangnya Cafetaria nya tutup cepat jam 21.00. saran, kalo cman order minuman Cepat saji (kopi,teh,susu dll diharapkan cafetaria nya buka. kan lumayan juga Omzet... TQ UMA",ac_P1,0,"['▁ramah', ',', '▁bersih', ',', '▁ac', '▁', 'nya', '▁hot', '▁di', '▁kamar', '▁20', '7', '▁sayangnya', '▁cafe', 'tari', 'a', '▁', 'nya', '▁tutup', '▁cepat', '▁jam', '▁21', '.', '00', '.', '▁saran', ',', '▁kalo', '▁cm', 'an', '▁order', '▁minuman', '▁cepat', '▁', 'saji', '▁', '(', 'kopi', ',', 'teh', ',', 'susu', '▁dll', '▁diharapkan', '▁cafe', 'tari', 'a', '▁', 'nya', '▁buka', '.', '▁', 'kan', '▁lumayan', '▁juga', '▁om', 'ze', 't', '.', '.', '.', '▁tq', '▁', 'uma', '<sep>', '▁ac', '_', 'p', '1', '<sep>', '<cls>', 0.0, 0.0, 0.0, 0.0, 0.0, 0.0, 0.0, 0.0, 0.0, 0.0, 0.0, 0.0, 0.0, 0.0, 0.0, 0.0, 0.0, 0.0, 0.0, 0.0, 0.0, 0.0, 0.0, 0.0, 0.0, 0.0, 0.0, 0.0, 0.0, 0.0, 0.0, 0.0, 0.0, 0.0, 0.0, 0.0, 0.0, 0.0, 0.0, 0.0, 0.0, 0.0, 0.0, 0.0, 0.0, 0.0, 0.0, 0.0, 0.0, 0.0, 0.0, 0.0, 0.0, 0.0, 0.0, 0.0, 0.0]",1
Complimentarynya bagus tapi kebersihan kamar mandi perlu ditingkatkan,linen_P1,1,"['▁comp', 'li', 'ment', 'ary', 'nya', '▁bagus', '▁tapi', '▁kebersihan', '▁kamar', '▁mandi', '▁perlu', '▁ditingkatkan', '<sep>', '▁line', 'n', '_', 'p', '1', '<sep>', '<cls>', 0.0, 0.0, 0.0, 0.0, 0.0, 0.0, 0.0, 0.0, 0.0, 0.0, 0.0, 0.0, 0.0, 0.0, 0.0, 0.0, 0.0, 0.0, 0.0, 0.0, 0.0, 0.0, 0.0, 0.0, 0.0, 0.0, 0.0, 0.0, 0.0, 0.0, 0.0, 0.0, 0.0, 0.0, 0.0, 0.0, 0.0, 0.0, 0.0, 0.0, 0.0, 0.0, 0.0, 0.0, 0.0, 0.0, 0.0, 0.0, 0.0, 0.0, 0.0, 0.0, 0.0, 0.0, 0.0, 0.0, 0.0, 0.0, 0.0, 0.0, 0.0, 0.0, 0.0, 0.0, 0.0, 0.0, 0.0, 0.0, 0.0, 0.0, 0.0, 0.0, 0.0, 0.0, 0.0, 0.0, 0.0, 0.0, 0.0, 0.0, 0.0, 0.0, 0.0, 0.0, 0.0, 0.0, 0.0, 0.0, 0.0, 0.0, 0.0, 0.0, 0.0, 0.0, 0.0, 0.0, 0.0, 0.0, 0.0, 0.0, 0.0, 0.0, 0.0, 0.0, 0.0, 0.0, 0.0, 0.0]",0
"kamar ok..standar,,kmar mandi bersih,cuma agak bau,sarapan mi goreng,telur kecap,sop sayur,roti tawar,salad(bwang bombay,tomat,selada),kopi,teh kolam renang bagus.. biasany dpt snack box dr airy tp dsini g dpt..",linen_P1,0,"['▁kamar', '▁ok', '.', '.', 'st', 'andar', ',', ',', 'k', 'mar', '▁mandi', '▁bersih', ',', 'cuma', '▁agak', '▁bau', ',', 'sara', 'pan', '▁mi', '▁goreng', ',', 'tel', 'ur', '▁kecap', ',', 'sop', '▁sayur', ',', 'rot', 'i', '▁tawar', ',', 'sal', 'ad', '(', 'b', 'wang', '▁bomba', 'y', ',', 'to', 'mat', ',', 'sel', 'ada', ')', ',', 'kopi', ',', 'teh', '▁kolam', '▁renang', '▁bagus', '.', '.', '▁biasa', 'ny', '▁dpt', '▁snack', '▁box', '▁dr', '▁air', 'y', '▁tp', '▁d', 'sini', '▁g', '▁dpt', '.', '.', '<sep>', '▁line', 'n', '_', 'p', '1', '<sep>', '<cls>', 0.0, 0.0, 0.0, 0.0, 0.0, 0.0, 0.0, 0.0, 0.0, 0.0, 0.0, 0.0, 0.0, 0.0, 0.0, 0.0, 0.0, 0.0, 0.0, 0.0, 0.0, 0.0, 0.0, 0.0, 0.0, 0.0, 0.0, 0.0, 0.0, 0.0, 0.0, 0.0, 0.0, 0.0, 0.0, 0.0, 0.0, 0.0, 0.0, 0.0, 0.0, 0.0, 0.0, 0.0, 0.0, 0.0, 0.0, 0.0, 0.0]",1
kamarnya lega dan bersih. hanya closetnya kotor/lama jd terasa tdk nyaman,kebersihan,0,"['▁kamar', 'nya', '▁lega', '▁dan', '▁bersih', '.', '▁hanya', '▁close', 't', 'nya', '▁kotor', '/', 'lama', '▁jd', '▁terasa', '▁tdk', '▁nyaman', '<sep>', '▁kebersihan', '<sep>', '<cls>', 0.0, 0.0, 0.0, 0.0, 0.0, 0.0, 0.0, 0.0, 0.0, 0.0, 0.0, 0.0, 0.0, 0.0, 0.0, 0.0, 0.0, 0.0, 0.0, 0.0, 0.0, 0.0, 0.0, 0.0, 0.0, 0.0, 0.0, 0.0, 0.0, 0.0, 0.0, 0.0, 0.0, 0.0, 0.0, 0.0, 0.0, 0.0, 0.0, 0.0, 0.0, 0.0, 0.0, 0.0, 0.0, 0.0, 0.0, 0.0, 0.0, 0.0, 0.0, 0.0, 0.0, 0.0, 0.0, 0.0, 0.0, 0.0, 0.0, 0.0, 0.0, 0.0, 0.0, 0.0, 0.0, 0.0, 0.0, 0.0, 0.0, 0.0, 0.0, 0.0, 0.0, 0.0, 0.0, 0.0, 0.0, 0.0, 0.0, 0.0, 0.0, 0.0, 0.0, 0.0, 0.0, 0.0, 0.0, 0.0, 0.0, 0.0, 0.0, 0.0, 0.0, 0.0, 0.0, 0.0, 0.0, 0.0, 0.0, 0.0, 0.0, 0.0, 0.0, 0.0, 0.0, 0.0, 0.0]",1
"baik, dikasih snack pula. Ac tidak dingin. ",linen_P1,1,"['▁baik', ',', '▁dikasih', '▁snack', '▁pula', '.', '▁ac', '▁tidak', '▁dingin', '.', '<sep>', '▁line', 'n', '_', 'p', '1', '<sep>', '<cls>', 0.0, 0.0, 0.0, 0.0, 0.0, 0.0, 0.0, 0.0, 0.0, 0.0, 0.0, 0.0, 0.0, 0.0, 0.0, 0.0, 0.0, 0.0, 0.0, 0.0, 0.0, 0.0, 0.0, 0.0, 0.0, 0.0, 0.0, 0.0, 0.0, 0.0, 0.0, 0.0, 0.0, 0.0, 0.0, 0.0, 0.0, 0.0, 0.0, 0.0, 0.0, 0.0, 0.0, 0.0, 0.0, 0.0, 0.0, 0.0, 0.0, 0.0, 0.0, 0.0, 0.0, 0.0, 0.0, 0.0, 0.0, 0.0, 0.0, 0.0, 0.0, 0.0, 0.0, 0.0, 0.0, 0.0, 0.0, 0.0, 0.0, 0.0, 0.0, 0.0, 0.0, 0.0, 0.0, 0.0, 0.0, 0.0, 0.0, 0.0, 0.0, 0.0, 0.0, 0.0, 0.0, 0.0, 0.0, 0.0, 0.0, 0.0, 0.0, 0.0, 0.0, 0.0, 0.0, 0.0, 0.0, 0.0, 0.0, 0.0, 0.0, 0.0, 0.0, 0.0, 0.0, 0.0, 0.0, 0.0, 0.0, 0.0]",0
"ac dingin, tv oke,  kasur bantal empuk, air panas nyala, anduk ada cuma airy bite dan toiletries nya cuma dapat 1 hari. untuk menginap 1-3 hari saja oke. tapi kalau kehabisan sabun dn sampo harus beli sndiri. trims.. overall cukup. ",air_panas_P1,1,"['▁ac', '▁dingin', ',', '▁tv', '▁oke', ',', '▁kasur', '▁bantal', '▁empuk', ',', '▁air', '▁panas', '▁nyala', ',', '▁and', 'uk', '▁ada', '▁cuma', '▁air', 'y', '▁bi', 'te', '▁dan', '▁toilet', 'ries', '▁', 'nya', '▁cuma', '▁dapat', '▁1', '▁hari', '.', '▁untuk', '▁menginap', '▁1', '-', '3', '▁hari', '▁saja', '▁oke', '.', '▁tapi', '▁kalau', '▁kehabisan', '▁sabun', '▁dn', '▁samp', 'o', '▁harus', '▁beli', '▁sndiri', '.', '▁tri', 'ms', '.', '.', '▁overall', '▁cukup', '.', '<sep>', '▁air', '_', 'panas', '_', 'p', '1', '<sep>', '<cls>', 0.0, 0.0, 0.0, 0.0, 0.0, 0.0, 0.0, 0.0, 0.0, 0.0, 0.0, 0.0, 0.0, 0.0, 0.0, 0.0, 0.0, 0.0, 0.0, 0.0, 0.0, 0.0, 0.0, 0.0, 0.0, 0.0, 0.0, 0.0, 0.0, 0.0, 0.0, 0.0, 0.0, 0.0, 0.0, 0.0, 0.0, 0.0, 0.0, 0.0, 0.0, 0.0, 0.0, 0.0, 0.0, 0.0, 0.0, 0.0, 0.0, 0.0, 0.0, 0.0, 0.0, 0.0, 0.0, 0.0, 0.0, 0.0, 0.0, 0.0]",0
"Pelayanan resepsionis baik,  hanya kurang ramah. Kamar bersih nyaman,  sayang tidak ada lemari pakaian padahal di foto ada lemarinya.  Air panas bisa,  sayang wifi tidak bisa.  Overall oke",service,0,"['▁pelayanan', '▁resep', 'sion', 'is', '▁baik', ',', '▁hanya', '▁kurang', '▁ramah', '.', '▁kamar', '▁bersih', '▁nyaman', ',', '▁sayang', '▁tidak', '▁ada', '▁lemari', '▁pakaian', '▁padahal', '▁di', '▁foto', '▁ada', '▁lemari', 'nya', '.', '▁air', '▁panas', '▁bisa', ',', '▁sayang', '▁wifi', '▁tidak', '▁bisa', '.', '▁overall', '▁oke', '<sep>', '▁service', '<sep>', '<cls>', 0.0, 0.0, 0.0, 0.0, 0.0, 0.0, 0.0, 0.0, 0.0, 0.0, 0.0, 0.0, 0.0, 0.0, 0.0, 0.0, 0.0, 0.0, 0.0, 0.0, 0.0, 0.0, 0.0, 0.0, 0.0, 0.0, 0.0, 0.0, 0.0, 0.0, 0.0, 0.0, 0.0, 0.0, 0.0, 0.0, 0.0, 0.0, 0.0, 0.0, 0.0, 0.0, 0.0, 0.0, 0.0, 0.0, 0.0, 0.0, 0.0, 0.0, 0.0, 0.0, 0.0, 0.0, 0.0, 0.0, 0.0, 0.0, 0.0, 0.0, 0.0, 0.0, 0.0, 0.0, 0.0, 0.0, 0.0, 0.0, 0.0, 0.0, 0.0, 0.0, 0.0, 0.0, 0.0, 0.0, 0.0, 0.0, 0.0, 0.0, 0.0, 0.0, 0.0, 0.0, 0.0, 0.0, 0.0]",1
"Pelayanan resepsionis baik,  hanya kurang ramah. Kamar bersih nyaman,  sayang tidak ada lemari pakaian padahal di foto ada lemarinya.  Air panas bisa,  sayang wifi tidak bisa.  Overall oke",air_panas_P1,1,"['▁pelayanan', '▁resep', 'sion', 'is', '▁baik', ',', '▁hanya', '▁kurang', '▁ramah', '.', '▁kamar', '▁bersih', '▁nyaman', ',', '▁sayang', '▁tidak', '▁ada', '▁lemari', '▁pakaian', '▁padahal', '▁di', '▁foto', '▁ada', '▁lemari', 'nya', '.', '▁air', '▁panas', '▁bisa', ',', '▁sayang', '▁wifi', '▁tidak', '▁bisa', '.', '▁overall', '▁oke', '<sep>', '▁air', '_', 'panas', '_', 'p', '1', '<sep>', '<cls>', 0.0, 0.0, 0.0, 0.0, 0.0, 0.0, 0.0, 0.0, 0.0, 0.0, 0.0, 0.0, 0.0, 0.0, 0.0, 0.0, 0.0, 0.0, 0.0, 0.0, 0.0, 0.0, 0.0, 0.0, 0.0, 0.0, 0.0, 0.0, 0.0, 0.0, 0.0, 0.0, 0.0, 0.0, 0.0, 0.0, 0.0, 0.0, 0.0, 0.0, 0.0, 0.0, 0.0, 0.0, 0.0, 0.0, 0.0, 0.0, 0.0, 0.0, 0.0, 0.0, 0.0, 0.0, 0.0, 0.0, 0.0, 0.0, 0.0, 0.0, 0.0, 0.0, 0.0, 0.0, 0.0, 0.0, 0.0, 0.0, 0.0, 0.0, 0.0, 0.0, 0.0, 0.0, 0.0, 0.0, 0.0, 0.0, 0.0, 0.0, 0.0, 0.0]",0
"AC nya gerah,kurang dingin, overal oke bersih",kebersihan,1,"['▁ac', '▁', 'nya', '▁gerah', ',', 'kurang', '▁dingin', ',', '▁over', 'al', '▁oke', '▁bersih', '<sep>', '▁kebersihan', '<sep>', '<cls>', 0.0, 0.0, 0.0, 0.0, 0.0, 0.0, 0.0, 0.0, 0.0, 0.0, 0.0, 0.0, 0.0, 0.0, 0.0, 0.0, 0.0, 0.0, 0.0, 0.0, 0.0, 0.0, 0.0, 0.0, 0.0, 0.0, 0.0, 0.0, 0.0, 0.0, 0.0, 0.0, 0.0, 0.0, 0.0, 0.0, 0.0, 0.0, 0.0, 0.0, 0.0, 0.0, 0.0, 0.0, 0.0, 0.0, 0.0, 0.0, 0.0, 0.0, 0.0, 0.0, 0.0, 0.0, 0.0, 0.0, 0.0, 0.0, 0.0, 0.0, 0.0, 0.0, 0.0, 0.0, 0.0, 0.0, 0.0, 0.0, 0.0, 0.0, 0.0, 0.0, 0.0, 0.0, 0.0, 0.0, 0.0, 0.0, 0.0, 0.0, 0.0, 0.0, 0.0, 0.0, 0.0, 0.0, 0.0, 0.0, 0.0, 0.0, 0.0, 0.0, 0.0, 0.0, 0.0, 0.0, 0.0, 0.0, 0.0, 0.0, 0.0, 0.0, 0.0, 0.0, 0.0, 0.0, 0.0, 0.0, 0.0, 0.0, 0.0, 0.0]",0
ga rekomen pokoknya. tripood sy ilang disini. mrk blg ga nemu,general,0,"['▁ga', '▁rekomen', '▁pokoknya', '.', '▁trip', 'oo', 'd', '▁sy', '▁ilang', '▁disini', '.', '▁mrk', '▁blg', '▁ga', '▁nemu', '<sep>', '▁general', '<sep>', '<cls>', 0.0, 0.0, 0.0, 0.0, 0.0, 0.0, 0.0, 0.0, 0.0, 0.0, 0.0, 0.0, 0.0, 0.0, 0.0, 0.0, 0.0, 0.0, 0.0, 0.0, 0.0, 0.0, 0.0, 0.0, 0.0, 0.0, 0.0, 0.0, 0.0, 0.0, 0.0, 0.0, 0.0, 0.0, 0.0, 0.0, 0.0, 0.0, 0.0, 0.0, 0.0, 0.0, 0.0, 0.0, 0.0, 0.0, 0.0, 0.0, 0.0, 0.0, 0.0, 0.0, 0.0, 0.0, 0.0, 0.0, 0.0, 0.0, 0.0, 0.0, 0.0, 0.0, 0.0, 0.0, 0.0, 0.0, 0.0, 0.0, 0.0, 0.0, 0.0, 0.0, 0.0, 0.0, 0.0, 0.0, 0.0, 0.0, 0.0, 0.0, 0.0, 0.0, 0.0, 0.0, 0.0, 0.0, 0.0, 0.0, 0.0, 0.0, 0.0, 0.0, 0.0, 0.0, 0.0, 0.0, 0.0, 0.0, 0.0, 0.0, 0.0, 0.0, 0.0, 0.0, 0.0, 0.0, 0.0, 0.0, 0.0]",1
"wifinya ga bisa, kamar ok pelayanan ok",service,1,"['▁wifi', 'nya', '▁ga', '▁bisa', ',', '▁kamar', '▁ok', '▁pelayanan', '▁ok', '<sep>', '▁service', '<sep>', '<cls>', 0.0, 0.0, 0.0, 0.0, 0.0, 0.0, 0.0, 0.0, 0.0, 0.0, 0.0, 0.0, 0.0, 0.0, 0.0, 0.0, 0.0, 0.0, 0.0, 0.0, 0.0, 0.0, 0.0, 0.0, 0.0, 0.0, 0.0, 0.0, 0.0, 0.0, 0.0, 0.0, 0.0, 0.0, 0.0, 0.0, 0.0, 0.0, 0.0, 0.0, 0.0, 0.0, 0.0, 0.0, 0.0, 0.0, 0.0, 0.0, 0.0, 0.0, 0.0, 0.0, 0.0, 0.0, 0.0, 0.0, 0.0, 0.0, 0.0, 0.0, 0.0, 0.0, 0.0, 0.0, 0.0, 0.0, 0.0, 0.0, 0.0, 0.0, 0.0, 0.0, 0.0, 0.0, 0.0, 0.0, 0.0, 0.0, 0.0, 0.0, 0.0, 0.0, 0.0, 0.0, 0.0, 0.0, 0.0, 0.0, 0.0, 0.0, 0.0, 0.0, 0.0, 0.0, 0.0, 0.0, 0.0, 0.0, 0.0, 0.0, 0.0, 0.0, 0.0, 0.0, 0.0, 0.0, 0.0, 0.0, 0.0, 0.0, 0.0, 0.0, 0.0, 0.0, 0.0]",0
kamar dibersihkan dan handuk diganti setiap hari membuat nyaman tapi sayang snack hanya diberikan dihari pertama padahal saya menginap 5 hari 4 malam ,service,1,"['▁kamar', '▁dibersihkan', '▁dan', '▁handuk', '▁diganti', '▁setiap', '▁hari', '▁membuat', '▁nyaman', '▁tapi', '▁sayang', '▁snack', '▁hanya', '▁diberikan', '▁di', 'hari', '▁pertama', '▁padahal', '▁saya', '▁menginap', '▁5', '▁hari', '▁4', '▁malam', '<sep>', '▁service', '<sep>', '<cls>', 0.0, 0.0, 0.0, 0.0, 0.0, 0.0, 0.0, 0.0, 0.0, 0.0, 0.0, 0.0, 0.0, 0.0, 0.0, 0.0, 0.0, 0.0, 0.0, 0.0, 0.0, 0.0, 0.0, 0.0, 0.0, 0.0, 0.0, 0.0, 0.0, 0.0, 0.0, 0.0, 0.0, 0.0, 0.0, 0.0, 0.0, 0.0, 0.0, 0.0, 0.0, 0.0, 0.0, 0.0, 0.0, 0.0, 0.0, 0.0, 0.0, 0.0, 0.0, 0.0, 0.0, 0.0, 0.0, 0.0, 0.0, 0.0, 0.0, 0.0, 0.0, 0.0, 0.0, 0.0, 0.0, 0.0, 0.0, 0.0, 0.0, 0.0, 0.0, 0.0, 0.0, 0.0, 0.0, 0.0, 0.0, 0.0, 0.0, 0.0, 0.0, 0.0, 0.0, 0.0, 0.0, 0.0, 0.0, 0.0, 0.0, 0.0, 0.0, 0.0, 0.0, 0.0, 0.0, 0.0, 0.0, 0.0, 0.0, 0.0]",0
"fasilitas memuaskan sih, tp yg g memuaskan pelayanannya masa reservasi Uda kamar deluxe buat 2 org, awal dtg 1 pas mlm dtg lg 1 ewhh jam 8 mlm di usir dengan alasan jam kunjung tamu sudah habis... udah gitu pas cek out pake di periksa semacam pencuri gitu.. pokoknya kapok nginep sana",general,0,"['▁fasilitas', '▁memuaskan', '▁sih', ',', '▁tp', '▁yg', '▁g', '▁memuaskan', '▁pelayanan', 'nya', '▁masa', '▁re', 'serv', 'asi', '▁uda', '▁kamar', '▁de', 'lu', 'x', 'e', '▁buat', '▁2', '▁org', ',', '▁awal', '▁dtg', '▁1', '▁pas', '▁mlm', '▁dtg', '▁lg', '▁1', '▁', 'ew', 'hh', '▁jam', '▁8', '▁mlm', '▁di', '▁u', 'sir', '▁dengan', '▁alasan', '▁jam', '▁kunjung', '▁tamu', '▁sudah', '▁habis', '.', '.', '.', '▁udah', '▁gitu', '▁pas', '▁cek', '▁out', '▁pake', '▁di', '▁periksa', '▁semacam', '▁pencuri', '▁gitu', '.', '.', '▁pokoknya', '▁ka', 'pok', '▁nginep', '▁sana', '<sep>', '▁general', '<sep>', '<cls>', 0.0, 0.0, 0.0, 0.0, 0.0, 0.0, 0.0, 0.0, 0.0, 0.0, 0.0, 0.0, 0.0, 0.0, 0.0, 0.0, 0.0, 0.0, 0.0, 0.0, 0.0, 0.0, 0.0, 0.0, 0.0, 0.0, 0.0, 0.0, 0.0, 0.0, 0.0, 0.0, 0.0, 0.0, 0.0, 0.0, 0.0, 0.0, 0.0, 0.0, 0.0, 0.0, 0.0, 0.0, 0.0, 0.0, 0.0, 0.0, 0.0, 0.0, 0.0, 0.0, 0.0, 0.0, 0.0]",1
"check in tepat waktu, kamar bersih rapi, AC oke, ada kulkas, hanya saja TV tdk bs dinyalakan krn stop kontak rusak.. ",service,1,"['▁check', '▁in', '▁tepat', '▁waktu', ',', '▁kamar', '▁bersih', '▁rapi', ',', '▁ac', '▁oke', ',', '▁ada', '▁kulkas', ',', '▁hanya', '▁saja', '▁tv', '▁tdk', '▁bs', '▁di', 'nya', 'la', 'kan', '▁krn', '▁stop', '▁kontak', '▁rusak', '.', '.', '<sep>', '▁service', '<sep>', '<cls>', 0.0, 0.0, 0.0, 0.0, 0.0, 0.0, 0.0, 0.0, 0.0, 0.0, 0.0, 0.0, 0.0, 0.0, 0.0, 0.0, 0.0, 0.0, 0.0, 0.0, 0.0, 0.0, 0.0, 0.0, 0.0, 0.0, 0.0, 0.0, 0.0, 0.0, 0.0, 0.0, 0.0, 0.0, 0.0, 0.0, 0.0, 0.0, 0.0, 0.0, 0.0, 0.0, 0.0, 0.0, 0.0, 0.0, 0.0, 0.0, 0.0, 0.0, 0.0, 0.0, 0.0, 0.0, 0.0, 0.0, 0.0, 0.0, 0.0, 0.0, 0.0, 0.0, 0.0, 0.0, 0.0, 0.0, 0.0, 0.0, 0.0, 0.0, 0.0, 0.0, 0.0, 0.0, 0.0, 0.0, 0.0, 0.0, 0.0, 0.0, 0.0, 0.0, 0.0, 0.0, 0.0, 0.0, 0.0, 0.0, 0.0, 0.0, 0.0, 0.0, 0.0, 0.0]",0
"Secara keseluruhan cukup bersih tempatnya, cukup nyaman, sarapan enak. Saya ga tau kamar yg lain, tpi di kamar saya 102 klo ga salah,, Ac krg dingin, kamar mandi saluran nya agak tersumbat jadi menggenang airnya klo mandi agak lama. Dgn kondisi sprti itu harga nya jadi krg sesuai,, ",kebersihan,0,"['▁secara', '▁keseluruhan', '▁cukup', '▁bersih', '▁tempatnya', ',', '▁cukup', '▁nyaman', ',', '▁sarapan', '▁enak', '.', '▁saya', '▁ga', '▁tau', '▁kamar', '▁yg', '▁lain', ',', '▁tpi', '▁di', '▁kamar', '▁saya', '▁10', '2', '▁klo', '▁ga', '▁salah', ',', ',', '▁ac', '▁kr', 'g', '▁dingin', ',', '▁kamar', '▁mandi', '▁saluran', '▁', 'nya', '▁agak', '▁tersumbat', '▁jadi', '▁meng', 'genang', '▁air', 'nya', '▁klo', '▁mandi', '▁agak', '▁lama', '.', '▁dgn', '▁kondisi', '▁sprti', '▁itu', '▁harga', '▁', 'nya', '▁jadi', '▁kr', 'g', '▁sesuai', ',', ',', '<sep>', '▁kebersihan', '<sep>', '<cls>', 0.0, 0.0, 0.0, 0.0, 0.0, 0.0, 0.0, 0.0, 0.0, 0.0, 0.0, 0.0, 0.0, 0.0, 0.0, 0.0, 0.0, 0.0, 0.0, 0.0, 0.0, 0.0, 0.0, 0.0, 0.0, 0.0, 0.0, 0.0, 0.0, 0.0, 0.0, 0.0, 0.0, 0.0, 0.0, 0.0, 0.0, 0.0, 0.0, 0.0, 0.0, 0.0, 0.0, 0.0, 0.0, 0.0, 0.0, 0.0, 0.0, 0.0, 0.0, 0.0, 0.0, 0.0, 0.0, 0.0, 0.0, 0.0, 0.0]",1
"Dua hari menginap di sini dua kali mati lampu, dan pas TV juga rusak, untuk tempat cukup nyaman, minum bisa ambil sepuasnya di depan ada galon dan di pojok jajan bisa ambil jajan, permen sepuasnya, untuk teman-teman yang mau menginap disini lebih dari 1 hari kamar mau dibersihkan langsung kasihkan kunci ke pengurus ya. Mbanya cukup ramah.",linen_P1,1,"['▁dua', '▁hari', '▁menginap', '▁di', '▁sini', '▁dua', '▁kali', '▁mati', '▁lampu', ',', '▁dan', '▁pas', '▁tv', '▁juga', '▁rusak', ',', '▁untuk', '▁tempat', '▁cukup', '▁nyaman', ',', '▁minum', '▁bisa', '▁ambil', '▁sepuasnya', '▁di', '▁depan', '▁ada', '▁ga', 'lon', '▁dan', '▁di', '▁pojok', '▁jajan', '▁bisa', '▁ambil', '▁jajan', ',', '▁permen', '▁sepuasnya', ',', '▁untuk', '▁teman', '-', 'teman', '▁yang', '▁mau', '▁menginap', '▁disini', '▁lebih', '▁dari', '▁1', '▁hari', '▁kamar', '▁mau', '▁dibersihkan', '▁langsung', '▁kasih', 'kan', '▁kunci', '▁ke', '▁pengurus', '▁ya', '.', '▁mba', 'nya', '▁cukup', '▁ramah', '.', '<sep>', '▁line', 'n', '_', 'p', '1', '<sep>', '<cls>', 0.0, 0.0, 0.0, 0.0, 0.0, 0.0, 0.0, 0.0, 0.0, 0.0, 0.0, 0.0, 0.0, 0.0, 0.0, 0.0, 0.0, 0.0, 0.0, 0.0, 0.0, 0.0, 0.0, 0.0, 0.0, 0.0, 0.0, 0.0, 0.0, 0.0, 0.0, 0.0, 0.0, 0.0, 0.0, 0.0, 0.0, 0.0, 0.0, 0.0, 0.0, 0.0, 0.0, 0.0, 0.0, 0.0, 0.0, 0.0, 0.0, 0.0, 0.0]",0
kebersihan dan fasilitas kamar lmyn bgs utk harga segitu.  apalagi masih dpt sarapan. Wifi jg kenceng. sayang remot AC tidak berfungsi dan kran kamar mandi jg rusak. kurang perawatan,wifi_P1,1,"['▁kebersihan', '▁dan', '▁fasilitas', '▁kamar', '▁', 'lm', 'yn', '▁bg', 's', '▁utk', '▁harga', '▁segitu', '.', '▁apalagi', '▁masih', '▁dpt', '▁sarapan', '.', '▁wifi', '▁jg', '▁kenceng', '.', '▁sayang', '▁rem', 'ot', '▁ac', '▁tidak', '▁berfungsi', '▁dan', '▁kr', 'an', '▁kamar', '▁mandi', '▁jg', '▁rusak', '.', '▁kurang', '▁perawatan', '<sep>', '▁wifi', '_', 'p', '1', '<sep>', '<cls>', 0.0, 0.0, 0.0, 0.0, 0.0, 0.0, 0.0, 0.0, 0.0, 0.0, 0.0, 0.0, 0.0, 0.0, 0.0, 0.0, 0.0, 0.0, 0.0, 0.0, 0.0, 0.0, 0.0, 0.0, 0.0, 0.0, 0.0, 0.0, 0.0, 0.0, 0.0, 0.0, 0.0, 0.0, 0.0, 0.0, 0.0, 0.0, 0.0, 0.0, 0.0, 0.0, 0.0, 0.0, 0.0, 0.0, 0.0, 0.0, 0.0, 0.0, 0.0, 0.0, 0.0, 0.0, 0.0, 0.0, 0.0, 0.0, 0.0, 0.0, 0.0, 0.0, 0.0, 0.0, 0.0, 0.0, 0.0, 0.0, 0.0, 0.0, 0.0, 0.0, 0.0, 0.0, 0.0, 0.0, 0.0, 0.0, 0.0, 0.0, 0.0, 0.0, 0.0]",0
kamar sangat rekomendasi (kebetulan ssya mengambil yg double bed) ac berfungsi baik cs penginapan sangat membantu kekurangan hanya tidak ada selimut saja terima kasih,service,1,"['▁kamar', '▁sangat', '▁rekomendasi', '▁', '(', 'ke', 'betul', 'an', '▁', 's', 'sya', '▁mengambil', '▁yg', '▁double', '▁bed', ')', '▁ac', '▁berfungsi', '▁baik', '▁cs', '▁penginapan', '▁sangat', '▁membantu', '▁kekurangan', '▁hanya', '▁tidak', '▁ada', '▁selimut', '▁saja', '▁terima', '▁kasih', '<sep>', '▁service', '<sep>', '<cls>', 0.0, 0.0, 0.0, 0.0, 0.0, 0.0, 0.0, 0.0, 0.0, 0.0, 0.0, 0.0, 0.0, 0.0, 0.0, 0.0, 0.0, 0.0, 0.0, 0.0, 0.0, 0.0, 0.0, 0.0, 0.0, 0.0, 0.0, 0.0, 0.0, 0.0, 0.0, 0.0, 0.0, 0.0, 0.0, 0.0, 0.0, 0.0, 0.0, 0.0, 0.0, 0.0, 0.0, 0.0, 0.0, 0.0, 0.0, 0.0, 0.0, 0.0, 0.0, 0.0, 0.0, 0.0, 0.0, 0.0, 0.0, 0.0, 0.0, 0.0, 0.0, 0.0, 0.0, 0.0, 0.0, 0.0, 0.0, 0.0, 0.0, 0.0, 0.0, 0.0, 0.0, 0.0, 0.0, 0.0, 0.0, 0.0, 0.0, 0.0, 0.0, 0.0, 0.0, 0.0, 0.0, 0.0, 0.0, 0.0, 0.0, 0.0, 0.0, 0.0, 0.0]",0
"Situ rooms emang oke banget. murah dan nyaman, dapat makanan gratis juga. proses check in cepat dan berjalan lancar n sarapan enak. ac dingin n kamar juga wangi . cuma kebersihan besar cover dan sprei tolong di tingkatkan. bed cover tidak di ganti. hanya di balik saja karena masih ada sisa noda pelanggan sebelumnya. kmudian pengering rambut juga tidak ada seperti di keterangan.",bau_P1,1,"['▁situ', '▁room', 's', '▁emang', '▁oke', '▁banget', '.', '▁murah', '▁dan', '▁nyaman', ',', '▁dapat', '▁makanan', '▁gratis', '▁juga', '.', '▁proses', '▁check', '▁in', '▁cepat', '▁dan', '▁berjalan', '▁lancar', '▁n', '▁sarapan', '▁enak', '.', '▁ac', '▁dingin', '▁n', '▁kamar', '▁juga', '▁wangi', '▁', '.', '▁cuma', '▁kebersihan', '▁besar', '▁cover', '▁dan', '▁', 's', 'pre', 'i', '▁tolong', '▁di', '▁tingkatkan', '.', '▁bed', '▁cover', '▁tidak', '▁di', '▁ganti', '.', '▁hanya', '▁di', '▁balik', '▁saja', '▁karena', '▁masih', '▁ada', '▁sisa', '▁noda', '▁pelanggan', '▁sebelumnya', '.', '▁kmu', 'dian', '▁penge', 'ring', '▁rambut', '▁juga', '▁tidak', '▁ada', '▁seperti', '▁di', '▁keterangan', '.', '<sep>', '▁bau', '_', 'p', '1', '<sep>', '<cls>', 0.0, 0.0, 0.0, 0.0, 0.0, 0.0, 0.0, 0.0, 0.0, 0.0, 0.0, 0.0, 0.0, 0.0, 0.0, 0.0, 0.0, 0.0, 0.0, 0.0, 0.0, 0.0, 0.0, 0.0, 0.0, 0.0, 0.0, 0.0, 0.0, 0.0, 0.0, 0.0, 0.0, 0.0, 0.0, 0.0, 0.0, 0.0, 0.0, 0.0, 0.0, 0.0, 0.0]",0
Pegawainya ramah dan menyenangkan. Kamar mandi nya saja yg agak bau. Snack dari airy menolong sekali disaat kelaparan ,linen_P1,1,"['▁pegawai', 'nya', '▁ramah', '▁dan', '▁menyenangkan', '.', '▁kamar', '▁mandi', '▁', 'nya', '▁saja', '▁yg', '▁agak', '▁bau', '.', '▁snack', '▁dari', '▁air', 'y', '▁menolong', '▁sekali', '▁disaat', '▁kelaparan', '<sep>', '▁line', 'n', '_', 'p', '1', '<sep>', '<cls>', 0.0, 0.0, 0.0, 0.0, 0.0, 0.0, 0.0, 0.0, 0.0, 0.0, 0.0, 0.0, 0.0, 0.0, 0.0, 0.0, 0.0, 0.0, 0.0, 0.0, 0.0, 0.0, 0.0, 0.0, 0.0, 0.0, 0.0, 0.0, 0.0, 0.0, 0.0, 0.0, 0.0, 0.0, 0.0, 0.0, 0.0, 0.0, 0.0, 0.0, 0.0, 0.0, 0.0, 0.0, 0.0, 0.0, 0.0, 0.0, 0.0, 0.0, 0.0, 0.0, 0.0, 0.0, 0.0, 0.0, 0.0, 0.0, 0.0, 0.0, 0.0, 0.0, 0.0, 0.0, 0.0, 0.0, 0.0, 0.0, 0.0, 0.0, 0.0, 0.0, 0.0, 0.0, 0.0, 0.0, 0.0, 0.0, 0.0, 0.0, 0.0, 0.0, 0.0, 0.0, 0.0, 0.0, 0.0, 0.0, 0.0, 0.0, 0.0, 0.0, 0.0, 0.0, 0.0, 0.0, 0.0]",0
"kamarnya bau, banyak nyamuk. kelebihannya pelayanannya cukup ramah dan dekat dengan tempat tujuan dan ada snack airy",linen_P1,1,"['▁kamar', 'nya', '▁bau', ',', '▁banyak', '▁nyamuk', '.', '▁kelebihan', 'nya', '▁pelayanan', 'nya', '▁cukup', '▁ramah', '▁dan', '▁dekat', '▁dengan', '▁tempat', '▁tujuan', '▁dan', '▁ada', '▁snack', '▁air', 'y', '<sep>', '▁line', 'n', '_', 'p', '1', '<sep>', '<cls>', 0.0, 0.0, 0.0, 0.0, 0.0, 0.0, 0.0, 0.0, 0.0, 0.0, 0.0, 0.0, 0.0, 0.0, 0.0, 0.0, 0.0, 0.0, 0.0, 0.0, 0.0, 0.0, 0.0, 0.0, 0.0, 0.0, 0.0, 0.0, 0.0, 0.0, 0.0, 0.0, 0.0, 0.0, 0.0, 0.0, 0.0, 0.0, 0.0, 0.0, 0.0, 0.0, 0.0, 0.0, 0.0, 0.0, 0.0, 0.0, 0.0, 0.0, 0.0, 0.0, 0.0, 0.0, 0.0, 0.0, 0.0, 0.0, 0.0, 0.0, 0.0, 0.0, 0.0, 0.0, 0.0, 0.0, 0.0, 0.0, 0.0, 0.0, 0.0, 0.0, 0.0, 0.0, 0.0, 0.0, 0.0, 0.0, 0.0, 0.0, 0.0, 0.0, 0.0, 0.0, 0.0, 0.0, 0.0, 0.0, 0.0, 0.0, 0.0, 0.0, 0.0, 0.0, 0.0, 0.0, 0.0]",0
